Top queries,Clicks,Impressions,CTR,Position
top private equity placement agents,0,188,0%,51.83
quest placement agent,0,113,0%,31.5
private equity placement agent,0,67,0%,51.81
placement agents,0,61,0%,60.44
top placement agents,0,61,0%,68.7
private equity placement agents,0,52,0%,44.23
placement agents software,0,37,0%,79.59
quest fund placement,0,24,0%,59.08
list of placement agents,0,23,0%,43.43
placement agents private equity,0,22,0%,49.5
real estate private equity placement agents,0,12,0%,53.83
top private placement agents,0,10,0%,28.1
placement agents private equity san antonio,0,10,0%,71
private equity placement agents san antonio,0,9,0%,60.78
private equity placement agents list,0,8,0%,47.25
largest placement agents,0,7,0%,23.57
private equity fund placement agents,0,5,0%,58
private placement agents,0,5,0%,69.6
best placement agents,0,4,0%,38.25
boutique placement agents,0,3,0%,62.67
placement agents real estate,0,3,0%,84.33
placement agent companies,0,3,0%,89.33
placement agent private equity,0,2,0%,41
fund placement agents,0,2,0%,47
pe placement agents,0,2,0%,48
placement agents for private equity,0,2,0%,70
quest placement,0,1,0%,5
global placement agent,0,1,0%,32
quest fund placement limited,0,1,0%,60
placement agent firms,0,1,0%,66
what are placement agents,0,1,0%,85
placing agents,0,1,0%,100